id,latitude,longitude,name,address,city,state,zip,location,date,description,type,color
1,38.97443336,-90.44071108,Aerie's Riverview Winery,203 Mulberry St,Grafton,IL,62037,Top of the hill on deck ,25.Feb,"In the early 1800s, James Mason purchased the land that is now Grafton. Rich Brooks, Artist",business,cc203b
5,38.62189811,-90.2100867,Ameren,1901 Chouteau Ave.,St. Louis,MO,63103,Colonnade on west side of main drive,25.Feb,"Ameren electrified the 1904 World's Fair. Rudy Zaph, Artist",business,cc203b
6,38.63095434,-90.19218497,America's Center (Cervantes Convention Center),701 Convention Plaza,St. Louis,MO,63101,West Washington Ave. lobby ,25.Feb,"America's Center (Cervantes Convention Center) - Stacey Sandweg and Gary Lang, Artists ",business,cc203b
8,38.76746677,-90.48383027,Ameristar Casino / Highway 70,1 Ameristar Blvd.,St. Charles,MO,63301,Inside Main Street by restaurants,27.Jul,"Marks the location of the beginning of Hwy. 70. Amanda Leigh Blalock, Artist.",business,cc203b
9,38.59932844,-90.21410868,Anheuser-Busch Brewery,1200 Lynch Street,St. Louis,MO,63118,In front of Tour Center,4.Apr,"Founded in 1852 - is the largest brewer in the US. Julie Krovicka and Ian Greenlee, Artists.",business,cc203b
17,38.58170349,-90.26695088,Bevo Mill,749 Gravois Road,St. Louis,MO,63116,Sidewalk outside building.,22.Feb,"Built in 1916 by Anheuser-Busch. Gonz Jove, Artist",business,cc203b
20,38.36477454,-90.36392212,Blue Owl,6116 2nd St,Kimmswick,MO,63053,Outside of main entrance,11.Mar,"Located in historic Kimmswick founded in 1859. Stuart Schuchardt, Artist",business,cc203b
21,38.6559385,-90.30495375,Blueberry Hill,6505 Delmar,University City,MO,63130,Outside of main entrance,21.Feb,"Landmark restaurant and music club that started the revitalization of The Loop.- Indy Bowers, Artist",business,cc203b
25,38.61879744,-90.19253433,Broadway Oyster Bar,736 S Broadway,St. Louis,MO,63102,outside of main entrance,21.Feb,"Housed in one of the oldest buildings in St. Louis, built in the 1840's. Public Vote Winner. Gina Harmon, Artist.",business,cc203b
26,38.62380483,-90.19379228,Busch Stadium, 700 Clark Ave,St. Louis,MO,63102,8th and Clark outside of team store,14.Mar,"Home of the St. Louis Cardinals. Artist, Katherine Nelson.",business,cc203b
36,38.64987765,-90.33480942,Centene Corporation,7700 Forsyth Blvd.,Clayton,MO,63105,Between garage and building,17.Mar,"Founded in 1984, as a national leader in healthcare services. Rich Brooks, Artist.",business,cc203b
39,38.64438216,-90.2645047,Chase Park Plaza,212 North Kingshighway,St. Louis,MO,63108,Under portico in front of hotel,21.Feb,"Built by and named after Chase Ullman, opened in 1922. Chase Staff, Artist",business,cc203b
44,38.71323196,-90.35425141,Chuck-A-Burger Drive-In,9025 St Charles Rock Rd,St. John,MO,63114,Outside entrance ,28.Feb,Family owned since 1957 and hosts car shows and cruise nights. Artist: Bill Christman,business,cc203b
46,38.63577369,-90.24595991,CIC@CET - Cortex ,4041 Forest Park Avenue,St. Louis,MO,63110,,10.Jul,"Founded in 2002, Cortex is the hub for bioscience and tech research and development. Megan Rieke, Artist.",business,cc203b
49,38.60805223,-90.20725563,Clementine's,2001 Menard St,St. Louis,MO,63104,Outside of main entrance,24.Feb,"St. Louis' first LGBT bar. Earl Miller, Artist",business,cc203b
56,38.65130359,-90.19777469,Crown Candy Kitchen,1401 St. Louis Avenue,St. Louis,MO,63106,Outside main entrance,21.Feb,"Est. in 1913 and is a public vote winner and cornerstone of Old North St. Louis - April Morrison, Artist",business,cc203b
58,38.62503069,-90.18858343,Drury Plaza at the Arch,2 South 4th Street,St. Louis ,MO,63102,Corner of Market and 4th,28.Feb,"Historic renovation includes Int'l Fur Exchange, Thomas Jefferson and American Zinc buildings. Sara Siegler, Artist.",business,cc203b
61,38.47802333,-89.9400714,Eckert's Belleville Country Store,951 S. Greenmount ,Belleville,IL,62220,Located outside of market,26.Feb,"The Eckert home was built on Turkey Hill in 1880 and the first fruit trees were planted in 1890 - Mary Hessler, Artist",business,cc203b
62,38.63219282,-90.18986151,Edward Jones Dome,701 Convention Plaza,St. Louis,MO,63101,Inside roundabout entrance at 7th and Convention Plaza,22.Feb,"Completed in 1995 can seat up to 70,000 people. Stacey Sandweg and Gary Lang, Artists ",business,cc203b
63,38.60403939,-90.44584751,Edward Jones South Campus,12555 Manchester Rd,St. Louis,MO,63131,Outside of main campus,8.Mar,"Founded in 1922, employs more than 5,000 STL area associates. Public Vote Winner. Artist, Andy Cross.",business,cc203b
65,38.62552987,-90.2081126,Emmis Communications,401 S 18th St ,St. Louis,MO,63103,Outside of main entrance,15.Jun,"Emmis Communications is the presenting sponsor of the annual Moonlight Ramble. Joe Chesia, Artist.",business,cc203b
68,38.6387987,-90.23165435,Fabulous Fox Theatre,539 North Grand Blvd.,St. Louis,MO,63103,Outside of main entrance,27.Feb,Opened its doors to the public for the very first time 85 years ago in 1929. Artist: Rick Monrotus,business,cc203b
70,38.65253265,-90.34596824,Famous Footwear / Brown Shoe Company ,8300 Maryland Ave,Clayton,MO,63105,Outside next to giant shoe of shoes,5.Mar,"Originally named Bryan, Brown & Company after its founders George Warren Brown and Alvin Bryan. Jennifer Hayes, Artist ",business,cc203b
71,38.58069445,-90.24397507,Feasting Fox,4200 S Grand Blvd,St. Louis,MO,63111,Outside of entrance,21.Feb,"100 years-old this year and built by Anheuser-Busch. Mark Swain, Artist",business,cc203b
77,38.62513574,-90.19033089,Fort San Carlos (Hilton St. Louis at the Ballpark),1 South Broadway,St. Louis,MO,63102,Outside main entrance,14.Mar,"Site of only Revolutionary War battle west of Mississippi. Artist, Craig Downs",business,cc203b
84,38.64258974,-90.24996042,Gaslight Theater,360 North Boyle,St. Louis,MO,63108,In front of Gaslight Theater,8.May,"Home of the St. Louis Actor's Studio. Artist, Alison Rieke.",business,cc203b
86,38.51040205,-90.32046497,Gateway Harley-Davidson,3600 Lemay Ferry Rd.,St. Louis,MO,63125,On median front of store,24.Apr,"Family owned and operated since 2002. Theresa Hopkins, Artist",business,cc203b
96,38.58035918,-90.77226162,Head's General Store / St. Albans,3516 St. Alban's Road,St. Albans,MO,63073,By gas pump in front of store,4.Apr,"Built in 1892 as the St. Alban's General Store, Artist, Con Christeson",business,cc203b
105,38.60032303,-90.24250522,Jay International / South Grand,3172 S. Grand Blvd.,St. Louis,MO,63116,In front of store,21.Feb,"South Grand is the most diverse corridor in the St. Louis Region- Vince Sciaroni, Artist",business,cc203b
106,38.63095717,-90.21356016,Jefferson Bank and Trust,2301 Market Street,St. Louis,MO,63103,Between flag poles on Market,19.Mar,"Founded in 1892. April Morrison, Artist",business,cc203b
118,38.74238557,-90.36623418,Lambert St. Louis International Airport,10701 Lambert International Blvd.,St. Louis,MO,63145,Terminal 1 ticketing level in new lounge on south side,7.Mar,"Named for Albert Bond Lambert, an Olympic medalist and maker of Listerine - Henryk Ptasiewicz, Artist",business,cc203b
119,38.63112343,-90.19327059,Lammert Building,911 Washington Street,St. Louis,MO,63101,Outside in front of Washington entrance,21.Feb,"Houses T-REX's 72 startup companies and start up incubator, ArchGrants. Janice Schoultz-Mudd, Artist",business,cc203b
122,38.64840604,-90.26114255,Left Bank Books,399 N. EUCLID AVE. ,St. Louis,MO,63108,Outside on sidewalk by entrance,21.Feb,"Locally-owned independent book store since 1969. Peat Wollaeger, Artist",business,cc203b
130,38.5894619,-90.3443715,Loretto-Hilton Theatre / The Repertory Theatre of St. Louis,130 Edgar Road,St. Louis,MO,63119,MOVED from Theatre to outside the HQ of The Rep (next to theatre).,25.Apr,"Home of The Repertory Theatre and Opera Theatre of St. Louis. Mark Swain, Artist ",business,cc203b
131,38.59894342,-90.22405028,Luvy Duvy's Cafe / Benton Park,2321 Arsenal Ave.,St. Louis,MO,63118,Outside main entrance,10.Mar,"Luvy Duvy's Cafe is a public vote winner, located in historic Benton Park, est. 1836. Phil Jarvis, Artist",business,cc203b
136,38.53955169,-90.47700673,Maritz,1400 South Highway Drive,Fenton,MO,63099,outside of Maritz Theater (south of 44),7.Mar,"Founded in 1894 by Edward Maritz and employs 2,000 St. Louisans. Rich Brooks, Artist",business,cc203b
143,38.63000726,-90.1875186,Missouri Athletic Club,405 Washington ,St. Louis,MO,63102,under valet portico,28.Feb,"Opened in 1903 and housed dignitaries and athletes for 1904 Worlds Fair and Olympics. Artist, Stuttgart Visiting Artists",business,cc203b
149,38.65547048,-90.29868007,Moonrise Hotel,6177 Delmar Blvd.,St. Louis,MO,63112,Outside front of hotel,1.May,"A 60-foot solar canopy with 107 glass solar panels, powers the whole rooftop and the rotating moon. Artist, Dan Jaboor",business,cc203b
150,38.570493,-90.885571,Mount Pleasant Estates,5634 High St,Augusta,MO,63332,Inside the main tasting room,26.Feb,"Originally named Mount Pleasant, the town incorporated in 1855 and renamed Augusta. Christy Martin, Artist",business,cc203b
155,38.63908921,-90.2341193,Nine Network ,3655 Olive Street,St. Louis,MO,63108,In front of building,4.Apr,"One of the most watched public TV stations in the US. Indy Bowers, Artist",business,cc203b
156,38.59048478,-90.2191928,Off Broadway,3509 Lemp Avenue,St. Louis,MO,63118,Outside in courtyard,25.Feb,"Off Broadway - Kris Mosby, Artist",business,cc203b
161,38.62898264,-90.19325316,Old Post Office,815 Olive Street,St. Louis,MO,63101,Outside main entrance,22.Feb,"Only surviving of 5 U.S. Custom Houses built after the Civil War in America's fastest growing cities. Rich Brooks, Artist",business,cc203b
163,38.58739456,-90.34357756,Opera Theatre Saint Louis,210 Hazel,Webster Groves,MO,63119,Outside of office,30.Jun,Founded in 1976 and internationally known for its inventive new productions. Decorated by the talented Scenic Artists at Opera Theatre St. Louis.,business,cc203b
164,38.61605523,-90.25072485,Original Imo's Pizza location.,Corner of Shaw and Thurman,St. Louis,MO,63110,Corner of Shaw and Thurman,8.Apr,"Imo's first store, opened in 1964 at this location. Theresa Hopkins, Artist.",business,cc203b
167,38.62809001,-90.2020612,Peabody Opera House,1400 Market St,St. Louis,MO,63103,Outside of Market St. entrance,28.Feb,"Founded as the Kiel Opera House, it opened it 1934. Marilyn Callahan, Artist",business,cc203b
168,38.9718466,-90.54102972,Pere Marquette Lodge & Conference Center,13653 Lodge Blvd.,Grafton,IL,62037,Outside on patio (east side of building),26.Feb,"Named for Pere (Father) Jacques Marquette who was one of the first missionaries to visit the region. - Katherine Nelson, Artist",business,cc203b
170,38.64017913,-90.23060426,Powell Hall,718 N Grand Blvd,St. Louis,MO,63101,S of Washington entrance,24.Feb,"Erected in 1925 as the St. Louis Theatre, the building became Powell Hall in 1966.  Earl Miller, Artist",business,cc203b
171,38.49408281,-90.83623767,Purina Farms,200 Checkerboard Dr ,Gray Summit,MO,63039,Outside in arena,11.Mar,"Opened for operation in the 1920's as a free, family friendly attraction.",business,cc203b
173,38.61647901,-90.26873857,Rigazzi's,4945 Daggett Ave,St. Louis,MO,63110,Outside main entrance,21.Feb,"Founded in 1957. The building was built in 1901 and remains a Saint Louis Landmark. Public Vote Winner. Deann Rubin, Artist",business,cc203b
181,38.61321699,-90.31484708,Schlafly Bottleworks,7260 Southwest Ave.,Maplewood,MO,63143,Outside of main entrance,25.Feb,"Founded by Dan Kopman and Tom Schlafly, Schlafly currently brews over 20 styles on this brewhouse. Ryan D. Frank, Artist",business,cc203b
184,38.62618528,-90.20251215,Scottrade Center,1401 Clark Avenue,St. Louis,MO,63103,14th and Clark,28.Feb,"Opened in 1994 and rests on the former site of Kiel Auditorium. Jeremy Brooks, Artist",business,cc203b
185,38.59182552,-90.33787541,Serendipity Homemade Ice Cream,8130 Big Bend Blvd,St. Louis,MO,63119,Inside front window of shop.,25.Feb,"This Public Vote Winner celebrates its 10th anniversary and has over 30 unique flavors. . Marianne Baer, Artist",business,cc203b
192,38.51245976,-90.67489073,Six Flags St. Louis,4900 Six Flags St Louis Railroad,Eureka,MO,63069,By fountain before ticket purchase area,4.Apr,"Six Flags St. Louis opened in 1971 and is one of the three original Six Flags parks. Don Strohmeyer, Artist",business,cc203b
193,38.54100632,-90.03317624,Skyview Drive In,5700 North Belt West,Belleville,IL,62226,grassy area behind screen #1,25.Feb,"Sole remaining drive-in theater in the St. Louis area. Ray Harvey, Artist",business,cc203b
195,38.61024772,-90.20148218,Soulard Market,730 Carroll St,St. Louis,MO,63104,South side of Market,27.Feb,"The market had humble beginnings in 1779 as a meadow. Kathy Koerper, Artist",business,cc203b
200,38.6206395,-90.23962185,SSM Cardinal Glennon Children's Medical Center,1465 South Grand,St. Louis,MO,63104,Main entrance/circle drive off Park Ave.,20.Mar,"Founded in 1956. Cake sponsored by FabickCAT. Rich Brooks, Artist",business,cc203b
201,38.507561,-90.379699,St. Anthony's Medical Center,10010 Kennerly Rd,St. Louis,MO,63128,Outside in front of building,21.Feb,"Founded in 1900's and named after St. Anthony of Padua. Public vote winner. Megan Rieke, Artist",business,cc203b
206,38.63718999,-90.26488826,St. Louis Children's Hospital,1 Children's Pl,St. Louis,MO,63110,Outside near main entrance,21.Feb,"Founded in 1879, is the oldest pediatric hospital west of the Mississippi River Public vote winner. April Morrison, Artist",business,cc203b
210,38.63436922,-90.19560143,St. Louis Post-Dispatch,900 N Tucker Blvd,St. Louis,MO,63101,Outside main entrance,24.Feb,Founded in 1878 by Joseph Pulitzer. Artist: Dan Martin,business,cc203b
213,38.62779834,-90.20788193,St. Louis Union Station,1820 Market St.,St. Louis,MO,63103,south plaza under the train shed,28.Feb,"Opened in 1894 as the largest terminal in the US. Tom Hunt, Artist",business,cc203b
216,38.59475985,-90.23674183,STL-Style,3159 Cherokee St.,St. Louis,MO,63118,Outside front entrance,21.Feb,"Founded in 2001 by twin brothers Jeff and Randy Vines. Artist, STLStyle team",business,cc203b
218,38.64119073,-90.36823511,Sweetology,9214 Clayton Rd.,Ladue,MO,63124,Outside in parking lot median,21.Mar,"New home for decorating or shopping for unique confections at this public vote winner. Angela Perry, Artist.",business,cc203b
220,38.58937295,-90.30797526,Ted Drewes,6726 Chippewa St,St. Louis,MO,63109,On west edge of parking lot,6.Mar,"Public vote winner with 85 years of serving up one of STL's favorite treats! Mary Hessler, Artist",business,cc203b
221,38.6334877,-90.3066811,The Cheshire,6300 Clayton Road,St. Louis,MO,63117,outside of hotel lobby,10.Mar,"Started as a modest hamburger joint 80 years ago. Diane Hansen, Artist",business,cc203b
225,38.59890481,-90.45435011,The Lodge at Des Peres,1050 Des Peres Road,Des Peres,MO,63131,In front of the building.,21.Feb,"Des Peres was founded in 1934 with a population of 550 - Kathy Otto, Artist",business,cc203b
227,38.64131132,-90.28018892,The Muny,#1 Theater Drive,St. Louis,MO,63112,North end of entrance in May Plaza,7.Mar,"Opened in 1917 and built in 49 days. Artists, Steve Pollihan and James Van Well.",business,cc203b
228,38.6399845,-90.23321003,The Sheldon,3648 Washington Blvd.,St. Louis,MO,63108,outside in front of Sheldon,21.Feb,Opened in 1912 as the concert hall is known for its perfect acoustics. Artist: The Sheldon.,business,cc203b
229,38.6098976,-90.20357095,The Sweet Divine,1801 S. 9th Street,St. Louis,MO,63104,Outside front entrance,21.Feb,"Could be historic Soulard's sweetest spot. Public vote winner. Linda Kurdi, Artist",business,cc203b
230,38.65573888,-90.30332364,Tivoli Movie Theatre,6350 Delmar,St. Louis,MO,63130,Outside entrance,21.Feb,"90 years old this year - renovated in 1995. Henryk Ptasiewicz, Artist",business,cc203b
231,38.63589814,-90.22191256,TOKY / Locust Business District,3001 Locust St,St. Louis,MO,63103,Outside of entrance,15.Jun,"Creators of the stl250 logo and housed in the Locust Business District former home of the Ford Motor Co. Screwed Artist Collecrive, Artists.",business,cc203b
238,38.59932993,-90.21753386,Venice Cafe,1903 Pestalozzi,St. Louis,MO,63118,Outside the garden on sidewalk,25.Feb,"Celebrating its 25th anniversary this year. Artist, Screwed Artist Collective.",business,cc203b
240,38.65593221,-90.30588722,Vintage Vinyl,6610 Delmar,St. Louis,MO,63130,Under marquee in front of store,8.May,"Local favorite and independently owned record store. Artist, Mark Tillman",business,cc203b
241,38.62740125,-90.19212395,Wainwright Building,111 N. 7th Street,St. Louis,MO,63101,Inside in rotunda on main level,6.Mar,"Designed by Adler and Sullivan, is among the first skyscrapers in the world. Carey Seven, Artist",business,cc203b
15,38.62374735,-90.18742338,"Basilica of Saint Louis, King of France (Old Cathedral)",209 Walnut Street ,St. Louis,MO,63102,Outside within stone wall adjacent to parking lot,25.Feb,"Public Vote Winner - First cathedral west of the Mississippi River. Vince Sciaroni, Artist",church,006c8e
22,38.64931517,-90.5242002,Bonhomme Old Stone Church,14483 Conway Road ,Chesterfield,MO,63017,in front of historic church,1.May,"Earlier site of 2nd oldest Presbyterian church west of the Mississippi River, founded in1816. Alissa Shoults, Artist.",church,006c8e
34,38.64189933,-90.25436729,Cathedral Basilica of Saint Louis (New Cathedral),4431 Lindell Blvd.,St. Louis,MO,63108,Outside at Lindell and Newstead,21.Feb,"Completed in 1914, this public vote winner is celebrating it's 100th anniversary. Martha Clark, Artist",church,006c8e
43,38.63043365,-90.19873694,Christ Church Cathedral,1210 Locust St,St. Louis,MO,63103,Outside on sidewalk in front of Cathedral.,21.Feb,"Est. in 1819 as the first Episcopal congregation west of the Mississippi. Public vote winner. Mark Swain, Artist",church,006c8e
45,38.57019776,-90.18851101,Church of the Holy Family,East 1st Street,Cahokia,IL,62206,Outside of main entrance,24.Apr,Built in 1799 - oldest continually active Catholic parish in US. ,church,006c8e
53,38.63808035,-90.31160697,Concordia Seminary,801 Seminary Pl,St. Louis,MO,63105,On plaza at end of Seminary Place,28.Mar,"Second oldest Lutheran seminary in U.S. - Janice Schoultz-Mudd, Artist.",church,006c8e
73,38.64066538,-90.22194743,First Baptist Church,3100 Bell Avenue,St. Louis,MO,63106,,4.Jul,"Founded in 1817 as first Protestant congregation established for African Americans in St. Louis. Artist, Jennifer Weigel.. ",church,006c8e
100,38.60931338,-90.20258322,Historic Trinity Lutheran Church,812 Soulard Street,St. Louis,MO,63104,Outside in church yard,21.Feb,"Oldest Lutheran congregation west of the Mississippi River. Mark Hurd, Artist ",church,006c8e
112,38.58553032,-90.32397196,Kenrick-Glennon Seminary,5200 Glennon Dr,Shrewsbury,MO,63119,Outside main building,6.Mar,"Est. in 1818, current building completed in 1931. Bruce Howard, Artist",church,006c8e
162,38.79665975,-90.33416837,Old Saint Ferdinand Shrine,#1 Rue St. Francois,Florissant,MO,63031,grassy area in front of Convent,7.Mar,"Est. in 1789, the church was built in 1821 and the convent in 1819. ",church,006c8e
190,38.63694258,-90.19263357,Shrine of St. Joseph,1220 North 11th Street,St. Louis,MO,63106,South side of church,28.Feb,"Only church in St. Louis designated as a site of a Vatican-authenticated miracle. Moira Smith, Artist",church,006c8e
191,38.78534097,-90.48075244,Shrine of St. Rose Philippine Duchesne,619 North Second Street,St. Charles,MO,63301,next to statue at corner of Clark & 2nd ,19.Mar,"Mother Duchesne was beatified by Pope Pius XII. Megan Rieke, Artist",church,006c8e
234,38.64803903,-90.51011592,United Hebrew Congregation ,13788 Conway rd.,St. Louis,MO,63141,Outside of synagogue,26.Feb,"It is the first Jewish Congregation established west of the Mississippi River. Henryk Ptasiewicz, Artist",church,006c8e
10,38.65967014,-90.23670495,Annie Malone ,2612 Annie Malone Drive,St. Louis,MO,63113,Outside - in front of main stairs,25.Feb,"Annie Malone - Theresa Hopkins, Artist",community,f1bb4f
18,38.63833812,-90.23222297,Big Brothers Big Sisters of Eastern Missouri,501 North Grand,St. Louis,MO,63103,Outside at Grand and Olive,27.Feb,"Celebrating 100 years. Located in Woolworth building, a key civil rights site in STL. Laura Weinrich, Artist",community,f1bb4f
23,38.65735736,-90.22087857,Boys & Girls Clubs of Greater St. Louis,2901 N Grand Blvd,St. Louis,MO,63107,Outside of main entrance,18.Mar,"Site of the old Sportsman's Park/Busch Stadium. Richard Rice, Artist",community,f1bb4f
24,38.61261395,-90.26726604,Brightside St. Louis,4646 Shenandoah Ave.,St. Louis,MO,63110,Outside at Shenandoah & Vendeventer,21.Feb,"Founded in 1982 to make St. Louis cleaner, greener and better. Public Vote Winner. George Grove, Artist",community,f1bb4f
29,39.15683079,-90.61666399,Calhoun County Community Foundation,100 Main Street,Hardin,IL,62047,Near flagpole in Harman Park (Main & Water),20.Apr,"County named for John Calhoun, VP of the US under Presidents John Quincy Adams & Andrew Jackson. Artist: Lindsay Harmon.",community,f1bb4f
35,38.63786405,-90.23131236,Centene Center for the Arts & Education,3547 Olive ,St. Louis,MO,63103,Outside main entrance,17.Mar,"Has raised and distributed over $100 million in 51 years for area arts and arts education organizations. Emily Cross, Artist.",community,f1bb4f
41,38.5934066,-90.22562742,Cherokee Business District,3401 South Jefferson,St. Louis,MO,63118,NW Corner of Jefferson and Cherokee,24.Feb,"The Indian Statue was created by Bill Christman and installed in 1985. Sophia Dalpiaz-Brown, Artist",community,f1bb4f
51,38.65511324,-90.31062528,COCA - Center of Creative Arts,524 Trinity Avenue,St. Louis,MO,63130,Outside next to bike racks by parking lot.,22.Feb,Building designed by Eric Mendelsohn and is on the National Register of Historic Places. Artist: COCA,community,f1bb4f
57,38.62872733,-90.29315069,Dogtown ,Corner of Tamm and Clayron,St. Louis,MO,63139,Corner of Tamm and Clayton,25.Apr,"Est. largely as a mining settlement called Cheltenham in the 19th century. Jess Goldthorpe, Artist",community,f1bb4f
59,38.62938075,-90.18339336,Eads Bridge (Arch-Laclede's Landing MetroLink Station),200 Washington Avenue,St. Louis,MO,63102,At Eads Bridge Metro Station,27.Feb,"Opened in 1874 as the longest arch bridge in the world. Dale Dufer, Artist",community,f1bb4f
64,38.50917173,-89.97683376,Emma Kunz House,602 Fulton St.,Belleville,IL,62220,Outside in front yard,5.Mar,"Built in 1851 and named after Emma Kunz, whose family home it was for 80 yrs. David Ottinger, Artist.",community,f1bb4f
72,38.74483705,-90.30526623,Ferguson Station Depot,1 Carson Road,Ferguson,MO,63135,Below depot by City Walk fountain,7.Mar,"Built 1885to launch travelers to St. Louis and other cities. Dennis Babbitt, Artist",community,f1bb4f
83,38.6452117,-90.24848789,Gaslight Square,Intersection of Boyle and Olive,St. Louis,MO,63108,On triangle at intersection,8.May,"Once a thriving entertainment district boasting more than 100 period gaslights. Artist, Theresa Hopkins. Sponsor, Laclede Gas",community,f1bb4f
103,38.62454305,-90.12421444,Jackie Joyner-Kersee Center,101 Jackie Joyner-Kersee Circle,East St. Louis,IL,62204,Outside main entrance,10.Mar,"Jackie Joyner-Kersee was born in 1962 in East St. Louis, Illinois. She won six Olympic medals. Linda Thompson, Artist",community,f1bb4f
114,38.58109295,-90.40684551,Kirkwood Train Station,110 W. Argonne,Kirkwood,MO,63122,Outside main entrance,21.Feb,"Built in 1893 by the Missouri Pacific Railroad. Mary Hanson, Artist. Sponsored by Bethesda Heath Group",community,f1bb4f
115,38.63020422,-90.18446758,Laclede's Landing,710 N 2nd St,St. Louis,MO,63102,Suspended above entrance ,17.Mar,"9-block area settled in 1764 by fur traders Laclede and Chouteau. Artist, Dan Jaboor",community,f1bb4f
139,38.68302652,-90.24888754,Matthews-Dickey Boy's & Girl's Club,4245 N. Kingshighway Blvd.,St. Louis,MO,63115,Outside main entrance ,21.Feb,"Est. in 1960 by neighborhood baseball coaches Martin Luther Mathews and Hubert ÌÕDickeyÌÒ Ballentine. Dail Chambers, Artist",community,f1bb4f
160,38.65067256,-90.19729525,Old North St. Louis,2700 North 14th Street,St. Louis ,MO,63106,Outside of ONSL office,28.Feb,"Old North was originally the independent village of North St. Louis from 1816-1841. Jack Bowe, Artist ",community,f1bb4f
172,38.65509333,-90.2972357,Regional Arts Commission,6128 Delmar Blvd,St. Louis,MO,63112,Outside on sidewalk,22.Feb,Partner in Cakeway to the West - has invested more than $76 million in the arts. Artists: Alison Rieke and Jess Goldthorpe,community,f1bb4f
186,38.61489633,-90.28376967,Shakespeare Festival St. Louis, 5715 Elizabeth Avenue,St. Louis,MO,63110,Outside of Shakespeare Festival office,20.Jun,"Shakespeare Festival St. Louis brings the Bard's work to over 100,000 each year in the park and in the streets. Artist, Andy Cross",community,f1bb4f
196,38.6094856,-90.2090621,Soulard Restoration Group,1911 S. 12th Street,St. Louis,MO,63104,in Community garden,27.Feb,"Ensuring the success of the oldest surviving residential community in St. Louis. Rich Brooks, Artist",community,f1bb4f
205,38.62909626,-90.28299719,St. Louis Arena,1110 Highlands Plaza Drive,St. Louis ,MO,63110,By the Mid America Transplant Foundation memorial,27.Feb,"Located on ""center ice"" of St. Louis Arena, demolished in 1999. Sandra Schuchardt, Artist - Mid America Transplant Foundation, Sponsor.",community,f1bb4f
214,38.65611267,-90.3054285,St. Louis Walk of Fame,6605 Delmar,St. Louis,MO,63130,Outside by Chuck Berry statue,21.Feb,"25th anniversary. First inductees included Chuck Berry. Gina Harmon, Artist",community,f1bb4f
223,38.62801458,-90.24994433,The Grove,Corner of Manchester Sarah,St. Louis,MO,63110,On triangle at intersection,4.Jul,"Thriving center for the LGBT, artist, and cycling communities. April Morrison, Artist",community,f1bb4f
224,38.61574192,-90.27280748,The Hill,5130 Wilson Avenue,St. Louis,MO,63110,North of the Italian immigrant statue,27.Feb,"Named after the highest point in the city of St. Louis. Tina Henderson, Artist",community,f1bb4f
235,38.65633839,-90.31103835,University City Lion Gates,6801 Delmar,University City,MO,63130,Outside across from City Hall,10.Mar,"Installed in 1909 and called the ""Gates of Opportunity"". David Jackson, Artist",community,f1bb4f
237,38.64129502,-90.23262262,Urban League of Metropolitan St. Louis,3701 Grandel Square,St. Louis,MO,63108,Inside building by window facing parking lot.,21.Feb,"Founded after 1917 deadly race riot in East St. Louis. Lynsi Sciaroni, Artist - Sponsored by Bank of America",community,f1bb4f
249,38.6628984,-89.9822478,World's Largest Catsup Bottle,800 S. Morrison Ave.,Collinsville,IL,62234,Underneath the bottle,18.Mar,"Built in 1949 of Riveted steel, 170 ft total height and has 100 ft legs. Julie Krovicka, Artist.",community,f1bb4f
250,38.70420491,-90.45869797,YMCA of Greater St. Louis,12521 Marine Ave,Maryland Heights,MO,63146,Inside lobby by pool,21.Feb,"160 years old - Public Vote Winner. Keith Cotton, Artist",community,f1bb4f
251,38.67968371,-90.47019124,Youthbridge Community Foundation,12685 Olive Blvd,St. Louis,MO,63141,Outside main entrance,21.Jul," YouthBridge was founded in 1877 as the German General Protestant Orphan's Home. Rich Brooks, Artist",community,f1bb4f
38,38.63264627,-90.262025,Central Institute for the Deaf,825 South Taylor,St. Louis,MO,63110,Outside main entrance on south side of building,27.Mar,"Celebrating its centennial anniversary. April Morrison, Artist.",education,8c1b52
178,38.63701369,-90.23262396,Saint Louis University,221 N Grand Blvd,St. Louis,MO,63103,Corner of Grand and Lindell,31.Mar,Oldest university west of the Mississippi River.,education,8c1b52
197,38.79309942,-89.99676526,Southern Illinois University Edwardsville,6 Hairpin Drive,Edwardsville,IL,62026,Main campus park,10.Mar,"Est. in 1957 - Public Vote Winner. Autumn Huff, Heather Kniffel, & Carol Dappert, Artists",education,8c1b52
198,39.11990187,-90.1411432,Southwestern High School,8226 Highway 111,Piasa,IL,62079,By athletic field,3.Jul,"The Piasa Bird by the athletic field used to hang on the bluffs. Theresa Hopkins, Artist.",education,8c1b52
204,38.62444081,-90.40616691,St. Joseph's Academy,2307 S. Lindbergh,St. Louis,MO,63131,On front lawn by Lindbergh,6.Mar,"This public vote winner is the 2nd all-girls Catholic high school in St. Louis. Laura Genovese, Artist",education,8c1b52
208,38.63760555,-90.26252121,St. Louis College of Pharmacy,4588 Parkview Pl,St. Louis,MO,63110,corner of Parkview Place and Euclid,17.Mar,"A leader in pharmacy education, celebrating 150 years. Public Vote Winner. Andy Cross, Artist.",education,8c1b52
217,38.65979449,-90.23893118,Sumner High School,4248 Cottage Ave,St. Louis,MO,63113,Inside main entrance vestibule,28.Feb,"1st high school for African-American students west of the Mississippi River. Theresa Hopkins, Artist",education,8c1b52
222,38.59639204,-90.33266634,The College School,7825 Big Bend Blvd,Webster Groves,MO,63119,In front of school on Big Bend,13.Mar,"Public Vote Winning school having their 50th anniversary of independent Pre-8 experimental education. Mary Jo Wilmes, Artist.",education,8c1b52
236,38.71757829,-90.3083387,University of Missouri St. Louis,1 University Blvd.,St. Louis,MO,63121,University Pl. Dr. in front of Mark Twain Athletic Center,19.Mar,"Est. in 1963, it is the largest university by enrollment in the St. Louis area with 16,809 students.",education,8c1b52
244,38.63529357,-90.26294768,Washington University School of Medicine,520 South Euclid Avenue,St. Louis,MO,63110,Outside entrance to medical school.,26.Feb,"Founded in 1853, and named after George Washington. April Morrison, Artist",education,8c1b52
245,38.58836487,-90.34188911,Webster University,572 Garden Ave.,Webster Groves,MO,63119,On grass in front of parking garage,24.Mar,"Founded in 1915 by the Sisters of Loretto. Megan Rieke, Artist",education,8c1b52
14,38.57636261,-90.47188596,Barretts Elementary School,1780 Carman Road,Ballwin,MO,63021,Outside in front of main entrance,21.Feb,"Original school in the Parkway School District - Public Vote Winner. Barrett's Students, Artists",education,8c1b52
95,38.6324032,-90.2237311,Harris Stowe State University,3026 Laclede Ave,St. Louis,MO,63103,Fountain by Givens Admin. Building,28.Feb,"Founded in 1857, is one of only two Historically Black Colleges and Universities in MO. Linda Thompson, Artist",education,8c1b52
128,38.78643548,-90.50097495,Lindenwood University,209 S Kingshighway St,St. Charles,MO,63301,In front of Spellman Center,28.Mar,"2nd oldest higher-education institution west of the Mississippi River. John Troy, Artist.",education,8c1b52
141,38.71009334,-90.31127505,Mercantile Library,1 University Blvd,St. Louis,MO,63121,Inside of the library.,26.Feb,Rare treasures include Chouteau's handwritten narrative of the founding of St. Louis. ,education,8c1b52
3,38.89073638,-90.18389761,Alton City Hall,101 E 3rd St,Alton,IL,62002,Inside by staircase,25.Feb,"Rufus Easton developed Alton as a river town in 1818. Screwed Artist Collective, Artist",government,a5a585
4,38.89055892,-90.18683061,Alton Visitors Center,200 Piasa St.,Alton,IL,62002,outside of main entrance,25.Feb,"Nearby, a park features 2 statues of Lincoln & Douglas, commemorating Senate debate in 1858. Renee Bearden-Williams, Artist",government,a5a585
7,38.70189062,-90.1707387,America's Central Port / YMCA,451 E Niedringhaus Ave,Granite City,IL,62040,Outside by parking lot,25.Feb,"The most northerly ice-free port on the Mississippi River. Kathy Lynott, Artist",government,a5a585
50,38.61089849,-89.36839342,Clinton County Courthouse,850 Fairfax Street,Carlyle,IL,62231,In front of Courthouse,27.Mar,"Clinton County was organized in 1824 out of Washington, Fayette, and Bond Counties. Paul LaFlam, Artist.",government,a5a585
60,38.62633296,-90.16275913,East St. Louis Municipal Building,301 River Park Drive ,East St. Louis,IL,62201,In front of building,8.May,"East St Louis Municipal Building. Artist, Genevieve Esson",government,a5a585
82,38.44487018,-91.00521818,Franklin County Courthouse,15 South Church,Union,MO,63084,Outside historic courthouse by Ben Franklin statue.,11.Apr,"Separated from St. Louis County and established in 1818. Paul LaFlam, Artist.",government,a5a585
93,38.89189503,-89.41520602,Greenville Public Library,414 W Main St,Greenville,IL,62246,Next to sign in front of library,9.Jun,"One of the Carnegie libraries and completed in 1905. Linda Thompson, artist.",government,a5a585
108,39.11896961,-90.32918215,Jersey County Courthouse,201 W. Pearl Street,Jerseyville,IL,62052,Outside W. Pearl entrance,11.Apr,"Courthouse built in 1893. Theresa Hopkins, Artist",government,a5a585
133,38.81235288,-89.95749772,Madison County Courthouse,155 North Main Street,Edwardsville,IL,62025,,9.Jun,"Madison County est. September 14, 1812 and named for President James Madison. Artist, Nicole Cooper",government,a5a585
135,38.59269743,-90.51068991,Manchester City Hall,14318 Manchester Rd,St. Louis,MO,63011,On sidewalk in front of City Hall,4.Mar,"The Lyceum (now City Hall) was built in 1894 and is next to the ancient Manchester Spring. Mike Ochonicky, Artist",government,a5a585
147,38.33573712,-90.14904097,Monroe County Courthouse,100 S. Main Street,Waterloo,IL,62298,In front of S. Market entrance,18.Mar,"Monroe County is located in Illinois, in the southern portion known locally as ""Little Egypt"". Its county seat is Waterloo.",government,a5a585
148,38.43490681,-90.19001573,Monroe County Welcome Center,6 Gall Road,Columbia,IL,62236,Outside of main entrance,18.Mar,"Former one room school also contains the Shoemaker School Museum and One Room School Commemorative Plaza. Patricia Riess, Artist.",government,a5a585
157,38.57087394,-90.1920636,Old Cahokia Court House,107 Elm St,Cahokia,IL,62206,On porch of welcome center,7.Mar,"Reconstructed French-Canadian structure built about 1740. Justin Tolentino, Artist",government,a5a585
189,38.59285071,-90.31963751,Shrewsbury MetroLink Station ,7201 Landsdown Avenue,Shrewsbury,MO,63119,Outside in main station area,28.Feb,"Shrewsbury MetroLink Station - Metro Staff, Artist",government,a5a585
199,38.66348691,-90.64552456,Spirit of St. Louis Airport,18270 Edison Avenue,Chesterfield,MO,63005,park area in front of terminal,26.Feb,"Opened in 1964 and is celebrating it's 50th anniversary in 2014. Theresa Hopkins, Artist",government,a5a585
203,38.782251,-90.482882,St. Charles Old County Courthouse,100 North Third Street,St. Charles,MO,63301,Outside building,7.Mar,"Architect Jerome Legg designed the current courthouse completed in 1901. Zach Farmer, Artist",government,a5a585
207,38.62674635,-90.19904137,St. Louis City Hall,1200 Market St,St. Louis,MO,63103,Outside Tucker entrance,21.Feb,"Completed in 1904 and inspired by Hotel de Ville or City Hall of Paris. Ashley Wenzel, Artist",government,a5a585
209,38.64935923,-90.3391251,St. Louis County Courthouse,7900 Carondelet Ave,St. Louis,MO,63105,West side of complex by planters,7.Mar,"Largest MO county by population.  Rich Brooks, Artist",government,a5a585
211,38.63039861,-90.19975752,St. Louis Public Library / Central Library,1301 Olive Street,St. Louis,MO,63103,Outside of Olive St. entrance,31.Mar,"Founded in 1865 with a collection of 1,500 books. Andy Cross, Artist",government,a5a585
242,38.81095048,-91.14938959,Warren County Courthouse,104 West Main Street,Warrenton,MO,63383,Outside of Main St. Entrance,29.Apr,"The first term of the Warren County Court was held in 1833. Artist, Patty Spellman",government,a5a585
42,38.6446856,-90.26089445,Chess Center,4657 Maryland Avenue,St. Louis,MO,63108,On median across from Chess Hall of Fame,25.Feb,"In 2009 and 2011, US Chess Federation named St. Louis ""Chess City of the Year."" Screwed Arts Collective, Artist ",museum,e8604d
2,38.60821152,-90.48633814,AKC Museum of the Dog,1721 S Mason Rd,Ballwin,MO,63011,Right side of museum entrance,25.Feb,"Only museum in the world dedicated to 17th century and on dog art. Lindsay Harmon, Artist",museum,e8604d
30,38.6315054,-90.20174906,Campbell House Museum,1508 Locust St,St. Louis,MO,63103,Outside in front of building,21.Feb,"Built in 1851 as the first house in Lucas Place. Nicholas Nihira, Artist",museum,e8604d
31,38.55860814,-90.24992689,Carondelet Historical Society - Des Peres School,6303 Michigan Ave.,St. Louis,MO,63111,outside of main entrance,12.Mar,Carondelet Historical Society - Des Peres School - Artist April Morrison,museum,e8604d
40,38.59250235,-90.21589369,Chatillon-DeMenil Mansion,3352 DeMenil Place,St. Louis,MO,63118,In courtyard behind the building,12.Feb,"Constructed in 1849 at the top of Arsenal Hill to command a view of the Mississippi River April Morrison, Artist",museum,e8604d
47,38.63346027,-90.20083576,City Museum,701 North 15th Street,St. Louis,MO,63103,Inside lobby,8.Apr,"The brainchild of Bob Cassilly, the museum opened for visitors in 1997. decorated by City Museum staff",museum,e8604d
67,38.62002108,-90.1920341,Eugene Field House ,634 South Broadway,St. Louis,MO,63102,inside Ladies parlor,25.Feb,"Eugene Field House - Corinne Didishaeim, Artist",museum,e8604d
74,38.779978,-90.481744,First Missouri State Capitol State Historic Site,200 S Main St,St. Charles,MO,63301,Outside building,24.Feb,"Missouri's first state capitol was located in St. Charles from 1821 to 1826. Lindsay Harmon, Artist",museum,e8604d
81,38.58271906,-90.44370174,Frank Lloyd Wright House,120 N. Ballas Road,St. Louis,MO,63122,Next to drive leading to house,10.Mar,"One of five buildings designed by Wright in Missouri. Chris Rice, Artist",museum,e8604d
87,38.75582668,-90.22350982,General Daniel Bissell House,10225 Bellefontaine Rd,St. Louis,MO,63137,South side of home on porch,7.Mar,"Daniel Bissell (1769-1833) was commander of Fort Belle Fontaine in 1809. April Morrison, Artist",museum,e8604d
94,38.65277039,-90.20926863,Griot Museum of Black History,2505 St. Louis Ave,St. Louis,MO,63106-2324,Outside main entrance,25.Feb,"Only the second of its kind the US, it opened in 1997. Keith Cotton, Artist",museum,e8604d
97,38.63371438,-90.21871403,Heritage House,2800 Olive,St. Louis,MO,63103,Outside main entrance,6.Mar,"Heritage House - Ashli England, Artist",museum,e8604d
98,38.65137764,-90.85318923,Historic Daniel Boone Home & Heritage Center,1868 Highway F,Defiance,MO,63341,Outside gift shop,24.Feb,"Daniel Boone died in the home in 1820. John Troy, Artist",museum,e8604d
99,38.65193148,-90.33149824,Historic Hanley House,7600 Westmoreland Ave.,Clayton,MO,63105,Outside of main entrance,25.Feb,"The 1855 farmstead is the oldest structure in the City of Clayton- Andy Cross, Artist",museum,e8604d
102,38.68507849,-90.40716469,Holocaust Museum & Learning Center,12 Millstone Campus Dr.,St. Louis,MO,63146,Outside entrance ,21.Feb,"5,000 SF core exhibition with a chronological history of the Holocaust. Henryk Ptasiewicz, Artist",museum,e8604d
104,38.63148018,-90.27081728,James S. McDonnell Planetarium,Clayton Road and Faulkner Dr. in Forest Park,St. Louis,MO,63110,Outside north entrance,1.May,"Opened in 1963, and named for aviation pioneer and co-founder of McDonnell Douglas. Artist: Sarah Cross ",museum,e8604d
110,38.62875592,-90.14478564,Katherine Dunham Museum,1005 Pennsylvania Ave,East St. Louis,IL,62201,In yard in front of Museum,21.Feb,"Houses collection of legendary dancer and activist. Dail Chambers, Artist",museum,e8604d
111,38.66871588,-90.58809042,Kemp Auto Museum,16955 Chesterfield Airport Rd,Chesterfield,MO,63005,South side of Museum,21.Feb,"Est. in 2005, features every era of automobile. Theresa Hopkins, Artist",museum,e8604d
123,38.59326429,-90.21595269,Lemp Mansion,3322 Demenil Pl,St. Louis,MO,63118,Outside main entrance,21.Feb,"Built in 1868 for the Lemp brewing family. Phil Jarvis, Artist",museum,e8604d
127,38.889918,-90.18591464,Lincoln-Douglas Square and Franklin House,Piasa and Broadway ,Alton,IL,62002,Outside by statues,26.Feb,"Statues of Lincoln and Douglas commemorate their 1858 debate. Genevieve Esson, Artist",museum,e8604d
145,38.50610401,-90.28384745,Missouri Civil War Museum,222 Worth Rd,St. Louis,MO,63125,Outside main entrance,10.Mar,"Housed in historic Jefferson Barracks Post Exchange and Gym Bldg built in 1905. Stuart Schuchardt, Artist",museum,e8604d
146,38.64474657,-90.28577596,Missouri History Museum,5700 Lindell Blvd.,St. Louis,MO,63112,Outside south (park) facing entrance,25.Feb,"1st U.S. monument to Thomas Jefferson. Public vote winner. Thomas Sleet, Artist",museum,e8604d
151,38.5715946,-90.46338379,Museum of Transportation,3015 Barrett Station Rd.,Ballwin,MO,63122,Adjacent to lower parking lot,19.Mar,"Founded in 1944 by a group of citizens who had acquired the mule-drawn streetcar ""Bellefontaine."" Jane Saunders, Artist",museum,e8604d
152,38.63043093,-90.18984675,National Blues Museum / MX Complex,618 Washington,St. Louis,MO,63101,Outside of Blues Museum location,26.Feb,"Opening in 2015, to explore the Blues and its role as the foundation of all modern American music. Mark Swain, Artist",museum,e8604d
153,38.8711345,-90.15076697,National Great Rivers Museum,2 Lock and Dam Way,Alton,IL,62002,In front of museum,13.Mar,"Est. in 2003 as a learning center for the Mississippi River and its role as a working river. Danielle Corelle, Artist. ",museum,e8604d
159,38.62555372,-90.18874168,Old Courthouse,11 N 4th St,St. Louis,MO,63102,On sidewalk facing the Arch,21.Feb,"Finished in 1862 when the cast-and wrought-iron dome was completed. Henryk Ptasiewicz, Artist",museum,e8604d
166,38.7472038,-90.39953783,Payne Gentry House,4211 Fee Fee Road,Bridgeton,MO,63044,Outside on front lawn,7.Mar,"Missouri's only restored historic house with a doctor's office. Genevieve Esson, Artist",museum,e8604d
177,38.63992295,-90.2939567,Saint Louis Art Museum,1 Fine Arts Dr,St. Louis,MO,63110,"St. Louis IX, King of France statue plaza",25.Feb,"Began in 1881 as the Saint Louis School and Museum of Fine Arts. Rich Brooks, Artist - Southwest Airlines, Sponsor.",museum,e8604d
180,38.56411781,-90.38456976,Sappington House Museum,1015 S Sappington Rd,Crestwood,MO,63126,Outside by main sign,8.Mar,"The Sappington Family came to the area in 1804-the same year Lewis & Clark set out on their expedition. Artists, Ursuline Academy Students",museum,e8604d
183,38.63722821,-90.2150622,Scott Joplin House,2658 Delmar,St. Louis,MO,63103,Outside main entrance,21.Feb,"Only museum in the world dedicated to Scott Joplin and his musical legacy. Bruce Howard, Artist",museum,e8604d
194,38.6289881,-90.20006463,Soldiers Memorial,1315 Chestnut St,St. Louis,MO,63103,Chestnut side at top of stairs,19.Mar,"Opened on Memorial Day, May 30, 1938. Victoria Szulc, Artist",museum,e8604d
202,38.75254168,-90.55078089,St. Charles County Heritage Museum at Heritage Park,1630 Heritage Landing,St. Peters,MO,63303,Outside building,25.Feb,"Located on the site of Kuhlmann's Grove, a popular recreation area for nearly 100 years. Gina Harmon, Artist",museum,e8604d
212,38.62889379,-90.27022183,St. Louis Science Center ,5050 Oakland Ave,St. Louis,MO,63110,Outside main entrance,25.Feb,"One of only 2 science centers in the US with free admission. Artist, Dennis Smith.",museum,e8604d
219,38.77074275,-90.31023502,Taille de Noyer,1896 S New Florissant Rd,Florissant,MO,63031,"Behind school, next to tennis corts and historic home",25.Apr,"Home of the Florissant Valley Historical Society. Artist, Courtney Veszi.",museum,e8604d
226,38.57384315,-90.40606606,The Magic House,516 S. Kirkwood Rd.,St. Louis,MO,63122,On front porch ,21.Feb,Opened in 1979 and is celebrating 35 years. Decorated by the Magic House team,museum,e8604d
239,38.51276171,-89.97625038,Victorian Home Museum,701 E. Washington St.,Belleville,IL,62220,Outside main entrance,5.Mar,"Collection includes a balcony from which Abraham Lincoln spoke in Belleville on October 18, 1856.Paul Laflam, Artist",museum,e8604d
243,38.55675295,-91.01137251,Washington Historical Society,113 E 4th Street,Washington,MO,63090,Outside on 4th St. porch,28.Mar,"Washington MO was incorporated on 1839. Gina Harmon, Artist.",museum,e8604d
11,38.63493071,-90.18130928,Ashley Street Power House / Riverfront Trail ,Corner of Biddle and Lenore K. Sullivan,St. Louis,MO,63102,Outside by Riverfront Trail head.,25.Feb,"Built in 1902 by engineer/architect Charles Ledlic. Theresa Hopkins, Artist",park,449970
12,38.70539193,-90.74033663,August A. Busch Memorial Conservation Area,2360 Hwy D,St. Charles,MO,63304,Outside of park office,16.Jul,"3,000-acre park is home to the St. Louis regional office for the Missouri Department of Conservation. Lindsay Harmon, Artist",park,449970
13,38.61750337,-90.6901297,Babler State Park,800 Guy Park Dr.,Chesterfield,MO,63005,Next to Visitor's Center,9.Jun,"22 structures in park are on the National Register of Historic Places. Artist, Kelly Harmon",park,449970
16,38.69085982,-90.23517877,Bellefontaine Cemetery ,4947 W Florissant Ave,St. Louis,MO,63115,Inside main entrance ,18.Feb,"87,000+ St. Louisans rest here including explorer William Clark, beer baron Adolphus Busch, abolitionist John Barry Meachum. Lindsey Sciaroni, Artist",park,449970
19,38.41293946,-90.68249881,Black Madonna Shrine and Grottos,100 Saint Joseph's Hill Road,Pacific,MO,63069,Open triangle by Nativity Walk Pathway,7.Mar,"Hand built over a span of 23 years by Franciscan Brother Bronislaus Luczc. Craig Downs, Artist",park,449970
27,38.66485974,-90.5424808,Butterfly House at Faust Park,15193 Olive Blvd,Chesterfield,MO,63017,In front of entrance,21.Mar,"Features 2,000 tropical butterflies in flight. Marilyn Callahan, Artist.",park,449970
28,38.65487804,-90.05907297,Cahokia Mounds State Historic Site,30 Ramey Street,Collinsville,IL,62234,Outside entrance to interpretative center,5.Mar,"Inhabited from 700-1400 and peaking from 1050-1200 was home to 10,00-20,000 people. Mark Swain, Artist",park,449970
32,38.56242571,-90.26581496,Carondelet Park,3900 Holly Hills Dr,St. Louis,MO,63116,Across street from boathouse,5.Mar,"Park dedicated on July 4, 1876. Mark Swain, Artist",park,449970
33,38.55262188,-90.54316074,Castlewood Park,1401 Kiefer Creek Rd,Ballwin,MO,63021,Next to Park Office,9.Jun,"Considered one of the best mountain biking locations in St. Louis. Erik Thompson, artist.",park,449970
37,38.7404207,-90.52383274,Centennial Greenway / KATY Trail,2886 Arena Parkway,St. Charles,MO,63303,At entrance to trail by Hemsath Parking area,26.Feb,"Named for the 100th Anniversary of the 1904 World's Fair and Olympics and the founding of University City. Mark Swain, Artist",park,449970
48,38.62722938,-90.19483298,Citygarden,801 Market St,St. Louis,MO,63101,By curved wall on N side of garden,5.Mar,"Opened in 2009 and features 24 sculptures. Rich Brooks, Artist - Sponsored by Peabody Energy",park,449970
52,38.61492152,-90.23905993,Compton Hill Water Tower,1900 South Grand Boulevard,St. Louis,MO,63104,Outside on tower stairs,6.Mar,"Built in 1898,1 of 3 remaining stand pipe-water towers in STL and 1 of 7 in US. Genevieve Esson, Artist",park,449970
54,38.81096093,-90.10086447,Confluence Tower,435 Confluence Tower Dr,HARTFORD,IL,62048,ground level of the tower,6.Mar,"Commemorates Lewis & Clark's historic expedition. Jean Ponzi, Artist",park,449970
55,38.72469626,-90.48522636,Creve Coeur Lake,Marine Drive ,Maryland Heights,MO,63043,Entrance to Tremayne shelter near Boat Ramp,7.Mar,"At 320 acres is largest natural lake in MO. Deb Stroh, Artist",park,449970
66,38.51535598,-90.55192217,Endangered Wolf Center,6750 Tyson Valley Road,Eureka,MO,63025,Outside the main entry gates,21.Feb,"Founded in 1971 by Marlin and Carol Perkins. Public vote winner. Maura Pusateri, Artist",park,449970
69,38.66867171,-90.22466853,Fairground Park ,3700 Fair Avenue,St. Louis,MO,63107,Outside on NW side of lake by building,27.Feb,"Opened in 1908 and was site of first city swimming pool. Dan Jabor, Artist",park,449970
75,38.64387229,-90.28349474,Forest Park Forever,5595 Grand Dr,St. Louis,MO,63112,Outside in front of Visitor's Center,25.Feb,"Forest Park Forever - Tom Hunt, Artist",park,449970
76,38.82805738,-90.21377206,Fort Belle Fontaine,13300 Bellefontaine Rd,St. Louis,MO,63138,On bluffs overlooking MO River,7.Mar,"From 1809-1826 was a U.S. military fort and the regional Army HQ during the War of1812. Screwed Arts Collective, Artists",park,449970
78,38.79602195,-90.70716977,Fort Zumwalt Park,1000 Jessup Dr W,O'Fallon,MO,63366,Outside in front of brick park building,24.Feb,"Historic park features a War of 1812 fort, and the restored Darius Heald Home. Leah Pruitt, Artist",park,449970
79,38.65555934,-90.26076168,Fountain Park / MLK Statue,4900 Fountain Avenue,St. Louis,MO,63113,West side of MLK statue,27.Feb,Plotted in 1857 and home to the only Dr. Martin Luther King statue in St. Louis. Artist: Screwed Arts Collective,park,449970
80,38.64793369,-90.31252563,Francis Field,6900 Forsyth Boulevard,St. Louis,MO,63105,Outside main gates on east side of field.,26.Feb,"Home of the 1904 Olympic games. April Morrison, Artist",park,449970
85,38.62413717,-90.18532991,Gateway Arch,100 Washington Ave,St. Louis,MO,63102,South leg of Arch,21.Feb,"Monument to Thomas Jefferson all pioneers for whom St. Louis was the Gateway to the West. Public vote winner. Andy Cross, Artist",park,449970
88,38.67042305,-90.20860344,Grand Avenue Water Tower,2001 East Grand,St. Louis,MO,63107,West side of tower,27.Feb,"Oldest water tower in St. Louis - Gina Harmon, Artist",park,449970
89,38.64312303,-90.29135898,Grand Basin / Fair Saint Louis,Lagoon Drive,St. Louis,MO,63112,on the western edge of plaza along Lagoon Dr.,27.Mar,The 34th annual Fair Saint Louis is coming to Forest Park in 2014. ,park,449970
90,38.55011861,-90.35754248,Grant's Farm ,10501 Gravois Rd,St. Louis,MO,63123,East side of biergarten courtyard,11.Apr,"Opened by the Busch family in 1954. Julie Krovicka and Ian Greenlee, Artists. Sponsored by Anheuser-Busch. ",park,449970
91,38.53333199,-90.33929139,Grant's Trail,Tesson Ferry & Grant's Trail,St. Louis,MO,63123,NW corner of Clydesdale Park off Grant's Trail,4.Apr,"Opened in 1994 as an 8-mile bike trail. Corinne Didisheim, Artist.",park,449970
92,38.66618834,-90.34442246,Green Center,8025 Blackberry Ave,University City,MO,63130,On front porch ,21.Jul,"Outdoor learning space in Kaufman Park. Megab Rieke, Artist",park,449970
101,38.97827632,-90.98074302,Historic Woods Fort,Corner of Main and Boone Streets.,Troy,MO,63379,Corner of Main and Boone Streets,3.Jul,"Site where settlers built a stockade during the War of 1812. Paul LaFlam, Artist.",park,449970
107,38.51899143,-90.27511016,Jefferson Barracks Historic Site Visitor's Center,345 North Road,St. Louis,MO,63125,By flagpoles outside of entrance,10.Apr,"Is the army's first permanent base west of the Mississippi River. Paul LaFlam, Artist",park,449970
109,38.6350631,-90.28031096,Jewel Box,5600 Clayton Ave,St. Louis,MO,63110,Outside of entrance,27.Feb,"Opened in 1936 and on the Nat'l Register of Historic Places. Andy Cross, Artist",park,449970
113,38.62598476,-90.19041002,Kiener Plaza,500 Chestnut Street,St. Louis,MO,63101,In planting bed in middle of plaza,7.Mar,"Named for 1904 Olympic track team member and amateur boxer, Harry J. Kiener - Rich Brooks, Artist",park,449970
116,38.6173311,-90.21373451,Lafayette Park,2000 Park Avenue,St. Louis,MO,63104,Corner of Park & Mississippi,21.Feb,"Est. in 1836 as the first park west of the Mississippi. Megan Rieke, Artist",park,449970
117,38.61666277,-90.21183819,Lafayette Square Plaza,1800 Park Avenue,St. Louis,MO,63104,By fountain,21.Jul,"In the heart of the historic Lafayette Square business district, named after Marquis de Lafayette. Brenda Morrison, Artist.",park,449970
120,38.54724872,-90.41781038,Laumeier Sculpture Park,12580 Rott Road St.,St. Louis,MO,63127,North of the West Parking Lot near the Children's Sculpture Garden,24.Feb,"Opened in 1977 and has105-acres and 300,000. Decorated with found objects from the park. Artist, Nick Lang.",park,449970
121,38.64285639,-90.18588781,Le Grange de Terre (Big Mound) Memorial,1700 North Broadway,St. Louis,MO,63102,On grass adjacent to memorial,7.Mar,"Once site of largest Mississippian Culture Indian mounds in St. Louis - dismantled in 1868. Amanda Blalock, Artist",park,449970
124,38.8021572,-90.10188907,Lewis & Clark State Historic Site,1 Lewis and Clark Trail,Hartford,IL,62048,In main entry foyer by windows,26.Feb,"Lewis & Clark State Historic Site - Mike Ochonicky, Artist",park,449970
125,38.77295204,-90.48248515,Lewis and Clark Boat House and Nature Center,1050 S Riverside Dr,St. Charles,MO,63301,Outside building,24.Feb,"Lewis & Clark launched from St. Charles on May 21, 1804. Ashli England, Artist ",park,449970
126,38.61014362,-90.15654713,Lincoln Park,600 South 15th Street,East St. Louis,IL,62207,Outside of circular building,04.8.14,"Popular East St. Louis park. Erik Thompson, Artist",park,449970
129,38.53141532,-90.54298639,Lone Elk Park,1 Lone Elk Park Rd,St. Louis,MO,63088,Outside of ranger/visitor center,7.Mar,"Opened in 1971 - 6 bison were acquired from the St. Louis Zoo in 1973. Alissa Shoults, Artist",park,449970
132,38.59370752,-90.21094099,Lyon Park/ United States Arsenal ,3100 South Broadway,St. Louis,MO,63118,By General Lyon statue,27.Feb,"Gen. Lyon was the first Union general to die during the Civil War. Rich Brooks, Artist",park,449970
134,38.62254831,-90.17573699,Malcolm W. Martin Memorial Park,185 W Trendley Ave,East St. Louis,IL,62201,Outside on overlook by Martin statue,21.Feb,"Gateway Geyser reaches 600' - the same height as the Arch. Theresa Hopkins, Artist",park,449970
137,38.67641272,-90.19086063,Mary Meachum Freedom Crossing,28 East Prairie Avenue,St. Louis,MO,63147,Outside on grass between trail and river,21.Feb,"Part of the National Park Service's Underground Railroad Network to Freedom. Rich Brooks, Artist",park,449970
138,38.37911385,-90.38466632,Mastodon State Historic Site,1050 Charles J Becker Dr,Imperial,MO,63052,Outside of Visitor's Center,11.Mar,"First mastodon bones were found in 1839 by Albert Koch. Rich Brooks, Artist",park,449970
140,38.24251985,-91.09187096,Meramec Caverns,1135 Route W,Sullivan,MO,63079,Outside of welcome center,7.Mar,"1864 Confederate troops hid gunpowder in the cave. Rich Brooks, Artist",park,449970
142,38.51971479,-90.27270555,Mississippi River Greenway - Trailhead in Jefferson Barracks Park, 498 Bagby St. ,St. Louis,MO,63125,next to parking lot of Old Ordinance Museum,10.Mar,"Named for the third president, est in 1826. Katherine Nelson, Artist",park,449970
144,38.61590014,-90.25812304,Missouri Botanical Garden,4344 Shaw Boulevard,St. Louis,MO,63110,Outside main entrance,24.Feb,"Founded in 1859, one of the oldest botanical institutions in the US. Public vote winner. Genevieve Esson, Artist",park,449970
154,38.56139352,-90.09211779,National Shrine of Our Lady of the Snows,442 S Demazenod Dr,Belleville,IL,62223,Outside by visitors center,24.Apr,Largest North American Outdoor Shrine with 212 acres of scenic beauty. Artist. April Morrison.,park,449970
158,38.76390519,-90.18105984,Old Chain of Rocks Bridge,10500 Riverview Drive,St. Louis,MO,63137,Next to Riverfront Trail on MO side of bridge,7.Mar,"5,353 feet long and is listed on the National Register of Historic Places. Katie Lucas, Artist",park,449970
165,38.93024522,-90.33896685,Our Lady of the Rivers at Portage des Sioux ,End of LeSeurre Street,Portage Des Sioux,MO,63373,On walkway out to Shrine.,8.Apr,"The Shrine commemorates the devastating flood of 1951. Lindsay Harmon, Artist",park,449970
169,38.89807399,-90.19913122,Piasa Bird,Great River Road,Alton,IL,62002,Outside below Piasa Bird,26.Feb,"Recognized in the travels of Marquette and Joliet before St. Louis was founded. Jennifer Gays, Artist",park,449970
174,38.90416726,-90.14357865,Robert Wadlow Statue,2809 College Avenue,Alton,IL,62002,Outside on plaza ,6.Mar,"Alton's Gentle Giant was 8 feet 11 inches tall. Screwed Arts Collective, Artists",park,449970
175,38.56628634,-90.66910654,Rockwoods Reservation,2751 Glencoe Rd,Wildwood,MO,63038,Outside of park office,3.Jul,"Established in 1938 and has more than 12 miles of hiking trails. Sandra Schuchardt, Artist.",park,449970
176,38.65413896,-90.28434366,Ruth Porter Park on the St. Vincent Greenway,5659 Delmar,St. Louis,MO,63112,Delmar and DeBaliiviere,24.Feb,"Ruth C. Porter was a founding member of the Greater St. Louis Committee for Freedom of Residence. Liza Fishbone, Artist",park,449970
179,38.63389216,-90.29132009,Saint Louis Zoo,1 Government Dr,St. Louis,MO,63110,South entrance ,25.Feb,"6,000 St. Louis schoolchildren helped raise funds to buy the first elephant in 1916. Artist, Gregory A. Linton.",park,449970
182,38.54926157,-89.86844838,Scott Field Heritage Air Park,763 Seibert Rd,Scott AFB,IL,62225,"Outside, under wing of plane",26.Feb,"Scott Field Heritage Air Park - Tom Hunt, Artist",park,449970
187,38.48207177,-90.82432061,Shaw Nature Reserve,307 Pinetum Loop Rd,Gray Summit,MO,63069,On the porch of the visitors center.,25.Feb,"2,400 acres of reserve and 14 miles of walking trails. Elaine Taylor, Artist",park,449970
188,38.64823053,-90.3419441,Shaw Park,231 South Brentwood Blvd.,Clayton,MO,63105,In front of Pool along Brentwood,13.Mar,"Est. in 1935 - Clayton's oldest park. Rich Brooks, Artist. Sponsored by Town & Style.",park,449970
215,38.63703147,-90.26884854,Steinberg Skating Rink,400 Jefferson Drive ,St. Louis,MO,63110,Outside at SW corner of the rink,27.Feb,"Largest outdoor ice skating rink in the Midwest- Ian Greenlee, Artist",park,449970
232,38.6077043,-90.25723543,Tower Grove Park,4256 Magnolia Ave.,St. Louis,MO,63110,Outside Piper Palm House ,21.Feb,"Created by Henry Shaw and opened in 1872. Mark Swain, Artist",park,449970
233,38.63174242,-90.29244125,Turtle Park,6400 Oakland,St. Louis,MO,63139,On the hill near the park sign,27.Feb,"It's the work of Robert Cassilly, the genius behind the City Museum. Liza Fishbone, Artist",park,449970
246,38.86794148,-90.22628456,West Alton Memorial Park,Intersection of St. Charles Street and Hwy 94,West Alton,MO,63386,On plaza at St. Charles St. and Hwy 94,19.Mar,"The Park is home to the Veteran's Memorial and the Memorial Bricks. Lindsay Harmon, Artist",park,449970
247,38.53567035,-90.53465277,World Bird Sanctuary,125 Bald Eagle Ridge Road,Valley Park,MO,63088,by flag pole ,7.Mar,"Part of the Henry Shaw Corridor, which extends 40 miles along the Meramec River. Mark Swain, Artist",park,449970
248,38.63648629,-90.28525829,World's Fair Pavilion,5600 Clayton Ave,St. Louis,MO,63110,At the northeast corner of the pavilion,27.Feb,"Built in 1909 with proceeds from the 1904 World's Fair. Henryk Ptasiewicz, Artist",park,449970